work_year,experience_level,employment_type,job_title,salary,salary_currency,salary_in_usd,employee_residence,remote_ratio,company_location,company_size
2025,SE,FT,Data Engineer,176000,USD,176000,DE,0,DE,M
2025,SE,FT,Data Engineer,77500,USD,77500,DE,0,DE,M
2025,EN,FT,Data Engineer,55000,EUR,57894,DE,0,DE,M
2025,EN,FT,Data Engineer,50000,EUR,52631,DE,0,DE,M
2025,MI,FT,Data Scientist,225000,USD,225000,DE,0,DE,M
2025,MI,FT,Data Scientist,99000,USD,99000,DE,0,DE,M
2025,SE,FT,Data Analyst,225000,USD,225000,DE,0,DE,M
2025,SE,FT,Data Analyst,99000,USD,99000,DE,0,DE,M
2025,SE,FT,Systems Engineer,198000,USD,198000,DE,0,DE,M
2025,SE,FT,Systems Engineer,86800,USD,86800,DE,0,DE,M
2025,MI,FT,Product Owner,53805,EUR,56636,AT,0,AT,M
2025,MI,FT,Product Owner,53805,EUR,56636,AT,0,AT,M
2025,EN,FT,Product Owner,53802,EUR,56633,AT,0,AT,M
2025,EN,FT,Product Owner,53802,EUR,56633,AT,0,AT,M
2025,MI,FT,Data Engineer,138000,USD,138000,DE,0,DE,M
2025,MI,FT,Data Engineer,102000,USD,102000,DE,0,DE,M
2025,SE,FT,Data Management Lead,170600,USD,170600,DE,0,DE,M
2025,SE,FT,Data Management Lead,81200,USD,81200,DE,0,DE,M
2025,SE,FT,Developer,60000,EUR,63157,AT,0,AT,M
2025,SE,FT,Developer,60000,EUR,63157,AT,0,AT,M
2025,MI,FT,Analyst,198000,USD,198000,DE,0,DE,M
2025,MI,FT,Analyst,86800,USD,86800,DE,0,DE,M
2025,SE,FT,Manager,33336,EUR,35090,AT,0,AT,M
2025,SE,FT,Manager,33336,EUR,35090,AT,0,AT,M
2025,SE,FT,Manager,33336,EUR,35090,AT,0,AT,M
2025,SE,FT,Manager,33336,EUR,35090,AT,0,AT,M
2025,EN,PT,Data Analyst,36000,EUR,37894,DE,0,DE,M
2025,EN,PT,Data Analyst,36000,EUR,37894,DE,0,DE,M
2025,MI,FT,Data Engineer,102000,CHF,115909,CH,0,CH,M
2025,MI,FT,Data Engineer,83000,CHF,94318,CH,0,CH,M
2025,MI,FT,Analyst,96290,CHF,109420,CH,0,CH,M
2025,MI,FT,Analyst,96290,CHF,109420,CH,0,CH,M
2025,SE,FT,Engineer,206800,USD,206800,DE,0,DE,M
2025,SE,FT,Engineer,98500,USD,98500,DE,0,DE,M
2025,SE,FT,Data Scientist,34932,EUR,36770,AT,0,AT,M
2025,SE,FT,Data Scientist,34932,EUR,36770,AT,0,AT,M
2025,SE,FT,Data Engineer,153000,EUR,161052,DE,0,DE,M
2025,SE,FT,Data Engineer,112000,EUR,117894,DE,0,DE,M
2025,MI,FT,Engineering Manager,110000,EUR,115789,DE,100,DE,M
2025,MI,FT,Engineering Manager,100000,EUR,105263,DE,100,DE,M
2025,MI,FT,Content Writer,60000,EUR,63157,DE,100,DE,M
2025,MI,FT,Content Writer,42000,EUR,44210,DE,100,DE,M
2025,MI,FT,Statistician,40000,EUR,42105,AT,0,AT,M
2025,MI,FT,Statistician,40000,EUR,42105,AT,0,AT,M
2025,SE,FT,Manager,60000,EUR,63157,DE,0,DE,M
2025,SE,FT,Manager,50000,EUR,52631,DE,0,DE,M
2025,MI,FT,Product Manager,150000,CHF,170454,CH,0,CH,M
2025,MI,FT,Product Manager,100000,CHF,113636,CH,0,CH,M
2025,EN,CT,AI Engineer,30000,USD,30000,DE,50,DE,L
2025,SE,FT,Data Scientist,200000,EUR,210526,DE,0,DE,M
2025,SE,FT,Data Scientist,80000,EUR,84210,DE,0,DE,M
2025,MI,FT,Data Architect,63552,EUR,66896,AT,0,AT,M
2025,MI,FT,Data Architect,63552,EUR,66896,AT,0,AT,M
2025,MI,FT,Systems Engineer,135000,USD,135000,DE,0,DE,M
2025,MI,FT,Systems Engineer,94269,USD,94269,DE,0,DE,M
2025,SE,FT,Systems Engineer,225000,USD,225000,DE,0,DE,M
2025,SE,FT,Systems Engineer,156975,USD,156975,DE,0,DE,M
2025,MI,FT,Data Analyst,75000,EUR,78947,DE,0,DE,M
2025,MI,FT,Data Analyst,55000,EUR,57894,DE,0,DE,M
2025,MI,FT,Manager,33336,EUR,35090,AT,0,AT,M
2025,MI,FT,Manager,33336,EUR,35090,AT,0,AT,M
2025,MI,FT,Engineer,153000,EUR,161052,DE,0,DE,M
2025,MI,FT,Engineer,112000,EUR,117894,DE,0,DE,M
2025,MI,FT,Manager,33336,EUR,35090,AT,0,AT,M
2025,MI,FT,Manager,33336,EUR,35090,AT,0,AT,M
2025,MI,FT,Data Management Officer,42019,GBP,53188,DE,0,DE,M
2025,MI,FT,Data Management Officer,34140,GBP,43215,DE,0,DE,M
2025,MI,FT,Research Scientist,160000,EUR,168421,DE,0,DE,M
2025,MI,FT,Research Scientist,70000,EUR,73684,DE,0,DE,M
2025,MI,FT,Data Engineer,158000,CHF,179545,CH,0,CH,M
2025,MI,FT,Data Engineer,106000,CHF,120454,CH,0,CH,M
2025,SE,FT,Data Architect,60000,EUR,63157,AT,0,AT,M
2025,SE,FT,Data Architect,60000,EUR,63157,AT,0,AT,M
2025,SE,FT,Data Engineer,55177,EUR,58081,AT,0,AT,M
2025,SE,FT,Data Engineer,55177,EUR,58081,AT,0,AT,M
2025,EN,FT,Data Analyst,105000,EUR,110526,DE,0,DE,M
2025,EN,FT,Data Analyst,85000,EUR,89473,DE,0,DE,M
2025,SE,FT,Engineer,160000,USD,160000,DE,100,DE,M
2025,SE,FT,Engineer,120000,USD,120000,DE,100,DE,M
2025,SE,FT,Full Stack Developer,110000,EUR,115789,DE,0,DE,M
2025,SE,FT,Full Stack Developer,80000,EUR,84210,DE,0,DE,M
2025,MI,FT,Data Engineer,46116,EUR,48543,AT,0,AT,M
2025,MI,FT,Data Engineer,46116,EUR,48543,AT,0,AT,M
2025,MI,FT,Data Engineer,46116,EUR,48543,AT,0,AT,M
2025,MI,FT,Data Engineer,46116,EUR,48543,AT,0,AT,M
2025,MI,FT,Data Engineer,46116,EUR,48543,AT,0,AT,M
2025,MI,FT,Data Engineer,46116,EUR,48543,AT,0,AT,M
2025,SE,FT,Analytics Engineer,60000,EUR,63157,AT,0,AT,M
2025,SE,FT,Analytics Engineer,60000,EUR,63157,AT,0,AT,M
2025,MI,FT,Data Engineer,61000,EUR,64210,AT,0,AT,M
2025,MI,FT,Data Engineer,61000,EUR,64210,AT,0,AT,M
2024,SE,PT,DevOps Engineer,66000,EUR,73333,DE,100,DE,M
2025,SE,FT,Data Scientist,180000,EUR,189473,DE,100,DE,M
2025,SE,FT,Data Scientist,110000,EUR,115789,DE,100,DE,M
2025,MI,FT,Manager,41988,EUR,44197,AT,0,AT,M
2025,MI,FT,Manager,41988,EUR,44197,AT,0,AT,M
2025,MI,FT,Developer,45600,EUR,48000,AT,0,AT,M
2025,MI,FT,Developer,45600,EUR,48000,AT,0,AT,M
2025,SE,FT,Data Engineer,58344,EUR,61414,AT,0,AT,M
2025,SE,FT,Data Engineer,45300,EUR,47684,AT,0,AT,M
2025,MI,FT,Data Scientist,29652,EUR,31212,AT,0,AT,M
2025,MI,FT,Data Scientist,29652,EUR,31212,AT,0,AT,M
2025,SE,FT,Data Analyst,85000,EUR,89473,DE,0,DE,M
2025,SE,FT,Data Analyst,75000,EUR,78947,DE,0,DE,M
2025,SE,FT,Data Management,52000,EUR,54736,DE,0,DE,M
2025,SE,FT,Data Management,46000,EUR,48421,DE,0,DE,M
2025,EN,FT,Data Scientist,51432,EUR,54138,AT,0,AT,M
2025,EN,FT,Data Scientist,38580,EUR,40610,AT,0,AT,M
2025,EN,FT,AI Engineer,51432,EUR,54138,AT,0,AT,M
2025,EN,FT,AI Engineer,38580,EUR,40610,AT,0,AT,M
2025,EN,FT,Engineer,51432,EUR,54138,AT,0,AT,M
2025,EN,FT,Engineer,38580,EUR,40610,AT,0,AT,M
2025,SE,FT,Platform Engineer,58344,EUR,61414,AT,0,AT,M
2025,SE,FT,Platform Engineer,45300,EUR,47684,AT,0,AT,M
2025,MI,FT,Manager,27636,EUR,29090,AT,0,AT,M
2025,MI,FT,Manager,27636,EUR,29090,AT,0,AT,M
2025,SE,FT,Machine Learning Engineer,180000,EUR,189473,DE,100,DE,M
2025,SE,FT,Machine Learning Engineer,110000,EUR,115789,DE,100,DE,M
2025,SE,FT,IT Enterprise Data Architect,250000,CHF,284090,CH,50,CH,L
2025,SE,FT,Consultant,39408,EUR,41482,AT,0,AT,M
2025,SE,FT,Consultant,39408,EUR,41482,AT,0,AT,M
2025,MI,FT,Data Engineer,115000,USD,115000,DE,0,DE,M
2025,MI,FT,Data Engineer,91811,USD,91811,DE,0,DE,M
2025,MI,FT,Manager,41988,EUR,44197,AT,0,AT,M
2025,MI,FT,Manager,41988,EUR,44197,AT,0,AT,M
2025,MI,FT,Data Scientist,70000,EUR,73684,AT,0,AT,M
2025,MI,FT,Data Scientist,70000,EUR,73684,AT,0,AT,M
2025,MI,FT,Data Engineer,138000,USD,138000,DE,0,DE,M
2025,MI,FT,Data Engineer,102000,USD,102000,DE,0,DE,M
2025,MI,FT,Data Scientist,138000,USD,138000,DE,0,DE,M
2025,MI,FT,Data Scientist,102000,USD,102000,DE,0,DE,M
2025,MI,FT,Associate,65000,EUR,68421,DE,0,DE,M
2025,MI,FT,Associate,50000,EUR,52631,DE,0,DE,M
2025,SE,FT,Data Quality Lead,69338,GBP,87769,DE,0,DE,M
2025,SE,FT,Data Quality Lead,56532,GBP,71559,DE,0,DE,M
2025,SE,FT,Data Scientist,58344,EUR,61414,AT,0,AT,M
2025,SE,FT,Data Scientist,45300,EUR,47684,AT,0,AT,M
2025,MI,FT,Engineer,102000,USD,102000,DE,0,DE,M
2025,MI,FT,Engineer,66000,USD,66000,DE,0,DE,M
2025,MI,FT,Software Engineer,140000,EUR,147368,DE,0,DE,M
2025,MI,FT,Software Engineer,90000,EUR,94736,DE,0,DE,M
2025,EN,FT,Software Developer,65000,EUR,68421,DE,100,DE,M
2025,EN,FT,Software Developer,40000,EUR,42105,DE,100,DE,M
2025,SE,FT,AI Engineer,110000,EUR,115789,DE,0,DE,M
2025,SE,FT,AI Engineer,90000,EUR,94736,DE,0,DE,M
2025,SE,FT,Data Engineer,90000,EUR,94736,DE,0,DE,M
2025,SE,FT,Data Engineer,80000,EUR,84210,DE,0,DE,M
2025,SE,FT,Data Engineer,46116,EUR,48543,AT,0,AT,M
2025,SE,FT,Data Engineer,46116,EUR,48543,AT,0,AT,M
2025,SE,FT,Quantitative Researcher,250000,USD,250000,CH,0,CH,M
2025,SE,FT,Quantitative Researcher,125000,USD,125000,CH,0,CH,M
2025,EX,FT,AI Engineer,110000,EUR,115789,DE,0,DE,M
2025,EX,FT,AI Engineer,90000,EUR,94736,DE,0,DE,M
2025,SE,FT,Data Governance,51240,EUR,53936,AT,0,AT,M
2025,SE,FT,Data Governance,51240,EUR,53936,AT,0,AT,M
2025,EN,FT,Data Analyst,105000,EUR,110526,DE,0,DE,M
2025,EN,FT,Data Analyst,85000,EUR,89473,DE,0,DE,M
2025,SE,FT,Data Architect,51240,EUR,53936,AT,0,AT,M
2025,SE,FT,Data Architect,51240,EUR,53936,AT,0,AT,M
2025,SE,FT,Solution Architect,117600,EUR,123789,DE,0,DE,M
2025,SE,FT,Solution Architect,78400,EUR,82526,DE,0,DE,M
2025,SE,FT,Computer Vision Engineer,70000,EUR,73684,AT,0,AT,M
2025,SE,FT,Computer Vision Engineer,70000,EUR,73684,AT,0,AT,M
2025,EN,FT,Insight Analyst,62000,EUR,65263,AT,0,AT,M
2025,EN,FT,Insight Analyst,62000,EUR,65263,AT,0,AT,M
2025,SE,FT,Data Scientist,68000,EUR,71578,AT,0,AT,M
2025,SE,FT,Data Scientist,68000,EUR,71578,AT,0,AT,M
2025,MI,FT,Data Scientist,30804,EUR,32425,AT,0,AT,M
2025,MI,FT,Data Scientist,30804,EUR,32425,AT,0,AT,M
2025,MI,FT,Data Architect,34992,EUR,36833,AT,0,AT,M
2025,MI,FT,Data Architect,34992,EUR,36833,AT,0,AT,M
2025,SE,FT,Data Scientist,55176,EUR,58080,AT,0,AT,M
2025,SE,FT,Data Scientist,55176,EUR,58080,AT,0,AT,M
2025,MI,FT,AI Data Scientist,90000,EUR,94736,DE,100,DE,L
2025,MI,FT,Data Engineer,46016,EUR,48437,AT,0,AT,M
2025,MI,FT,Data Engineer,46016,EUR,48437,AT,0,AT,M
2025,SE,FT,Data Scientist,75000,EUR,78947,DE,0,DE,M
2025,SE,FT,Data Scientist,40000,EUR,42105,DE,0,DE,M
2025,SE,FT,Data Governance,51240,EUR,53936,AT,0,AT,M
2025,SE,FT,Data Governance,51240,EUR,53936,AT,0,AT,M
2025,SE,FT,Data Architect,51240,EUR,53936,AT,0,AT,M
2025,SE,FT,Data Architect,51240,EUR,53936,AT,0,AT,M
2025,SE,FT,Data Engineer,176000,USD,176000,DE,0,DE,M
2025,SE,FT,Data Engineer,77500,USD,77500,DE,0,DE,M
2025,SE,FT,Machine Learning Engineer,180000,EUR,189473,DE,100,DE,M
2025,SE,FT,Machine Learning Engineer,110000,EUR,115789,DE,100,DE,M
2025,MI,FT,Engineer,65000,EUR,68421,AT,0,AT,M
2025,MI,FT,Engineer,65000,EUR,68421,AT,0,AT,M
2025,EN,FT,Data Engineer,55308,EUR,58218,AT,0,AT,M
2025,EN,FT,Data Engineer,55308,EUR,58218,AT,0,AT,M
2025,EN,FT,Data Analyst,33600,EUR,35368,AT,0,AT,M
2025,EN,FT,Data Analyst,31200,EUR,32842,AT,0,AT,M
2025,EN,FT,Data Engineer,46000,EUR,48421,AT,0,AT,M
2025,EN,FT,Data Engineer,44500,EUR,46842,AT,0,AT,M
2025,SE,FT,Data Engineer,57500,EUR,60526,DE,0,DE,M
2025,SE,FT,Data Engineer,55000,EUR,57894,DE,0,DE,M
2025,SE,FT,Data Engineer,57500,EUR,60526,AT,0,AT,M
2025,SE,FT,Data Engineer,55000,EUR,57894,AT,0,AT,M
2025,MI,FT,Data Scientist,29652,EUR,31212,AT,0,AT,M
2025,MI,FT,Data Scientist,29652,EUR,31212,AT,0,AT,M
2025,MI,FT,Engineer,167000,EUR,175789,DE,0,DE,M
2025,MI,FT,Engineer,77000,EUR,81052,DE,0,DE,M
2025,MI,FT,Data Scientist,45906,EUR,48322,AT,0,AT,M
2025,MI,FT,Data Scientist,45906,EUR,48322,AT,0,AT,M
2025,MI,FT,Software Engineer,150000,CHF,170454,CH,0,CH,M
2025,MI,FT,Software Engineer,110000,CHF,125000,CH,0,CH,M
2025,MI,FT,Data Manager,44860,EUR,47221,AT,0,AT,M
2025,MI,FT,Data Manager,44860,EUR,47221,AT,0,AT,M
2025,SE,FT,AI Engineer,108500,EUR,114210,DE,0,DE,M
2025,SE,FT,AI Engineer,89400,EUR,94105,DE,0,DE,M
2025,EN,FT,Data Analyst,45811,EUR,48222,AT,0,AT,M
2025,EN,FT,Data Analyst,45811,EUR,48222,AT,0,AT,M
2025,EN,FT,Data Analyst,32000,EUR,33684,AT,100,AT,M
2025,EN,FT,Data Analyst,30000,EUR,31578,AT,100,AT,M
2025,EN,FT,Software Engineer,202000,USD,202000,CH,0,CH,M
2025,EN,FT,Software Engineer,141000,USD,141000,CH,0,CH,M
2025,EN,PT,Data Analyst,21600,EUR,22736,DE,0,DE,M
2025,EN,PT,Data Analyst,19620,EUR,20652,DE,0,DE,M
2025,MI,FT,Data Scientist,54000,EUR,56842,AT,0,AT,M
2025,MI,FT,Data Scientist,54000,EUR,56842,AT,0,AT,M
2025,SE,FT,Data Engineer,73000,EUR,76842,DE,0,DE,M
2025,SE,FT,Data Engineer,68000,EUR,71578,DE,0,DE,M
2025,SE,FT,Data Scientist,32292,EUR,33991,AT,0,AT,M
2025,SE,FT,Data Scientist,32292,EUR,33991,AT,0,AT,M
2025,EN,FT,Data Engineer,53000,EUR,55789,AT,0,AT,M
2025,EN,FT,Data Engineer,48000,EUR,50526,AT,0,AT,M
2025,SE,FT,Data Engineer,105900,EUR,111473,DE,0,DE,M
2025,SE,FT,Data Engineer,87200,EUR,91789,DE,0,DE,M
2025,EN,FT,Data Specialist,40740,EUR,42884,AT,0,AT,M
2025,EN,FT,Data Specialist,40740,EUR,42884,AT,0,AT,M
2025,SE,FT,Data Analysis,65000,EUR,68421,DE,0,DE,M
2025,SE,FT,Data Analysis,60000,EUR,63157,DE,0,DE,M
2025,SE,FT,Engineer,70000,EUR,73684,DE,0,DE,M
2025,SE,FT,Engineer,60000,EUR,63157,DE,0,DE,M
2025,SE,FT,Technical Architect,100000,EUR,105263,DE,0,DE,M
2025,SE,FT,Technical Architect,100000,EUR,105263,DE,0,DE,M
2025,SE,FT,Engineer,65000,EUR,68421,DE,0,DE,M
2025,SE,FT,Engineer,60000,EUR,63157,DE,0,DE,M
2025,EN,FT,Trainee,74000,EUR,77894,DE,0,DE,M
2025,EN,FT,Trainee,68000,EUR,71578,DE,0,DE,M
2025,EN,FT,Software Engineer,60000,EUR,63157,DE,0,DE,M
2025,EN,FT,Software Engineer,50000,EUR,52631,DE,0,DE,M
2025,SE,FT,Data Manager,158000,USD,158000,DE,0,DE,M
2025,SE,FT,Data Manager,69300,USD,69300,DE,0,DE,M
2025,MI,FT,Data Scientist,176000,USD,176000,DE,0,DE,M
2025,MI,FT,Data Scientist,77500,USD,77500,DE,0,DE,M
2025,SE,FT,Tech Lead,225000,USD,225000,DE,0,DE,M
2025,SE,FT,Tech Lead,99000,USD,99000,DE,0,DE,M
2025,MI,FT,Data Engineer,75000,GBP,94936,DE,0,DE,M
2025,MI,FT,Data Engineer,55000,GBP,69620,DE,0,DE,M
2025,MI,FT,BI & Data Analyst,66000,EUR,69473,DE,100,DE,M
2025,EN,FT,Risk Analyst,100000,USD,100000,NG,100,DE,L
2025,SE,FT,Data Analyst,70000,EUR,73684,DE,0,DE,M
2025,SE,FT,Data Analyst,65000,EUR,68421,DE,0,DE,M
2025,MI,FT,Power BI,62000,EUR,65263,DE,0,DE,M
2025,MI,FT,Power BI,52000,EUR,54736,DE,0,DE,M
2025,SE,FT,Data Architect,29352,EUR,30896,AT,0,AT,M
2025,SE,FT,Data Architect,29352,EUR,30896,AT,0,AT,M
2025,EN,FT,Data Engineer,35820,EUR,37705,AT,0,AT,M
2025,EN,FT,Data Engineer,35820,EUR,37705,AT,0,AT,M
2025,MI,FT,Manager,60000,EUR,63157,AT,0,AT,M
2025,MI,FT,Manager,60000,EUR,63157,AT,0,AT,M
2025,SE,FT,Analytics Engineer,52040,GBP,65873,DE,0,DE,M
2025,SE,FT,Analytics Engineer,41861,GBP,52988,DE,0,DE,M
2025,EN,FT,Analyst,44400,EUR,46736,AT,0,AT,M
2025,EN,FT,Analyst,44400,EUR,46736,AT,0,AT,M
2025,MI,FT,Data Governance Analyst,115000,USD,115000,DE,0,DE,M
2025,MI,FT,Data Governance Analyst,85000,USD,85000,DE,0,DE,M
2025,MI,FT,Data Engineer,115000,USD,115000,DE,0,DE,M
2025,MI,FT,Data Engineer,85000,USD,85000,DE,0,DE,M
2025,SE,FT,AI Engineer,40500,EUR,42631,AT,0,AT,M
2025,SE,FT,AI Engineer,40500,EUR,42631,AT,0,AT,M
2025,EN,FT,Analyst,172400,USD,172400,DE,0,DE,M
2025,EN,FT,Analyst,82100,USD,82100,DE,0,DE,M
2025,MI,FT,Analyst,115000,USD,115000,DE,0,DE,M
2025,MI,FT,Analyst,91811,USD,91811,DE,0,DE,M
2025,EN,FT,Data Scientist,44860,EUR,47221,AT,0,AT,M
2025,EN,FT,Data Scientist,44860,EUR,47221,AT,0,AT,M
2025,MI,FT,Data Scientist,72000,EUR,75789,DE,50,DE,L
2025,MI,FT,Software Engineer,38100,EUR,40105,AT,0,AT,M
2025,MI,FT,Software Engineer,38100,EUR,40105,AT,0,AT,M
2025,MI,FT,Data Engineer,55000,EUR,57894,AT,0,AT,M
2025,MI,FT,Data Engineer,55000,EUR,57894,AT,0,AT,M
2025,SE,FT,Research Scientist,180000,EUR,189473,DE,0,DE,M
2025,SE,FT,Research Scientist,110000,EUR,115789,DE,0,DE,M
2025,EN,FT,Machine Learning Engineer,51432,EUR,54138,AT,0,AT,M
2025,EN,FT,Machine Learning Engineer,38580,EUR,40610,AT,0,AT,M
2024,EN,FT,Robotics Engineer,25000,CHF,28409,CH,0,CH,L
2025,MI,FT,Power BI Specialist,60000,EUR,63157,AT,0,AT,M
2025,MI,FT,Power BI Specialist,54000,EUR,56842,AT,0,AT,M
2025,EN,FT,Data Analyst,65000,EUR,68421,DE,0,DE,M
2025,EN,FT,Data Analyst,55000,EUR,57894,DE,0,DE,M
2025,EN,FT,Data Analyst,67692,EUR,71254,AT,0,AT,M
2025,EN,FT,Data Analyst,60092,EUR,63254,AT,0,AT,M
2025,EN,FT,Stage,29400,CHF,33409,CH,0,CH,M
2025,EN,FT,Stage,29400,CHF,33409,CH,0,CH,M
2025,SE,FT,Data Scientist,43316,EUR,45595,AT,0,AT,M
2025,SE,FT,Data Scientist,43316,EUR,45595,AT,0,AT,M
2025,MI,FT,AI Engineer,40092,EUR,42202,AT,0,AT,M
2025,MI,FT,AI Engineer,40092,EUR,42202,AT,0,AT,M
2025,EN,FT,Stage,29400,CHF,33409,CH,0,CH,M
2025,EN,FT,Stage,29400,CHF,33409,CH,0,CH,M
2025,MI,FT,Engineer,46800,EUR,49263,AT,0,AT,M
2025,MI,FT,Engineer,46800,EUR,49263,AT,0,AT,M
2025,EN,FT,Analytics Engineer,86000,CHF,97727,CH,0,CH,M
2025,EN,FT,Analytics Engineer,86000,CHF,97727,CH,0,CH,M
2025,MI,FT,Data Scientist,24456,EUR,25743,AT,0,AT,M
2025,MI,FT,Data Scientist,24456,EUR,25743,AT,0,AT,M
2025,SE,FT,LLM Engineer,80000,EUR,84210,DE,50,DE,L
2025,MI,FT,Data Engineer,54876,EUR,57764,AT,0,AT,M
2025,MI,FT,Data Engineer,43728,EUR,46029,AT,0,AT,M
2025,EN,FT,Cloud Engineer,51432,EUR,54138,AT,0,AT,M
2025,EN,FT,Cloud Engineer,38580,EUR,40610,AT,0,AT,M
2025,SE,FT,AI Engineer,110000,EUR,115789,DE,0,DE,M
2025,SE,FT,AI Engineer,90000,EUR,94736,DE,0,DE,M
2025,MI,FT,Data Scientist,43000,EUR,45263,AT,0,AT,M
2025,MI,FT,Data Scientist,43000,EUR,45263,AT,0,AT,M
2025,EN,FT,Data Scientist,43000,EUR,45263,AT,0,AT,M
2025,EN,FT,Data Scientist,43000,EUR,45263,AT,0,AT,M
2025,SE,FT,Data Engineer,186300,USD,186300,DE,0,DE,M
2025,SE,FT,Data Engineer,137700,USD,137700,DE,0,DE,M
2025,MI,FT,Data Architect,34992,EUR,36833,AT,0,AT,M
2025,MI,FT,Data Architect,34992,EUR,36833,AT,0,AT,M
2025,MI,FT,Data Specialist,52000,EUR,54736,DE,0,DE,M
2025,MI,FT,Data Specialist,39000,EUR,41052,DE,0,DE,M
2025,MI,FT,Software Developer,120000,USD,120000,DE,0,DE,M
2025,MI,FT,Software Developer,94604,USD,94604,DE,0,DE,M
2025,EN,FT,Engineer,83052,EUR,87423,DE,0,DE,M
2025,EN,FT,Engineer,83052,EUR,87423,DE,0,DE,M
2025,EN,FT,Data Analysis,25200,EUR,26526,DE,0,DE,M
2025,EN,FT,Data Analysis,25200,EUR,26526,DE,0,DE,M
2025,EN,CT,Data Analyst,30000,EUR,31578,AT,100,AT,M
2025,EN,CT,Data Analyst,28000,EUR,29473,AT,100,AT,M
2025,SE,FT,Data Architect,29352,EUR,30896,AT,0,AT,M
2025,SE,FT,Data Architect,29352,EUR,30896,AT,0,AT,M
2025,MI,FT,Analytics Engineer,130000,EUR,136842,DE,0,DE,M
2025,MI,FT,Analytics Engineer,100000,EUR,105263,DE,0,DE,M
2025,SE,FT,Computer Vision Engineer,70000,EUR,73684,AT,0,AT,M
2025,SE,FT,Computer Vision Engineer,70000,EUR,73684,AT,0,AT,M
2025,SE,FT,Data Scientist,70000,EUR,73684,AT,0,AT,M
2025,SE,FT,Data Scientist,70000,EUR,73684,AT,0,AT,M
2025,SE,FT,Consultant,39408,EUR,41482,AT,0,AT,M
2025,SE,FT,Consultant,39408,EUR,41482,AT,0,AT,M
2025,EN,FT,Data Analyst,90000,EUR,94736,DE,0,DE,M
2025,EN,FT,Data Analyst,75000,EUR,78947,DE,0,DE,M
2025,MI,FT,Data Analyst,27852,EUR,29317,AT,0,AT,M
2025,MI,FT,Data Analyst,27852,EUR,29317,AT,0,AT,M
2025,SE,FT,Engineer,320000,USD,320000,DE,0,DE,M
2025,SE,FT,Engineer,272000,USD,272000,DE,0,DE,M
2025,EX,FT,Head of AI,135700,EUR,142842,DE,0,DE,M
2025,EX,FT,Head of AI,108600,EUR,114315,DE,0,DE,M
2025,SE,FT,Backend Engineer,99200,EUR,104421,DE,0,DE,M
2025,SE,FT,Backend Engineer,73400,EUR,77263,DE,0,DE,M
2025,EN,FT,Data Analyst,52000,EUR,54736,DE,0,DE,M
2025,EN,FT,Data Analyst,39000,EUR,41052,DE,0,DE,M
2025,EN,FT,Data Analyst,70000,EUR,73684,DE,100,DE,M
2025,EN,FT,Data Analyst,65000,EUR,68421,DE,100,DE,M
2025,MI,FT,Analytics Engineer,85000,EUR,89473,DE,100,DE,M
2025,MI,FT,Analytics Engineer,75000,EUR,78947,DE,100,DE,M
2025,MI,FT,Research Engineer,80000,EUR,84210,AT,0,AT,M
2025,MI,FT,Research Engineer,80000,EUR,84210,AT,0,AT,M
2025,MI,FT,Research Engineer,80000,EUR,84210,AT,0,AT,M
2025,MI,FT,Research Engineer,80000,EUR,84210,AT,0,AT,M
2025,MI,FT,Research Engineer,80000,EUR,84210,AT,0,AT,M
2025,MI,FT,Research Engineer,80000,EUR,84210,AT,0,AT,M
2025,MI,FT,Research Engineer,80000,EUR,84210,AT,0,AT,M
2025,MI,FT,Research Engineer,80000,EUR,84210,AT,0,AT,M
2025,MI,FT,Research Engineer,80000,EUR,84210,AT,0,AT,M
2025,MI,FT,Research Engineer,80000,EUR,84210,AT,0,AT,M
2025,SE,FT,Data Engineer,85000,EUR,89473,DE,100,DE,M
2025,SE,FT,Data Engineer,75000,EUR,78947,DE,100,DE,M
2025,MI,FT,Research Scientist,275000,USD,275000,DE,100,DE,M
2025,MI,FT,Research Scientist,200000,USD,200000,DE,100,DE,M
2025,SE,FT,Consultant,36828,EUR,38766,AT,0,AT,M
2025,SE,FT,Consultant,36828,EUR,38766,AT,0,AT,M
2025,MI,FT,Data Product Owner,29352,EUR,30896,AT,0,AT,M
2025,MI,FT,Data Product Owner,29352,EUR,30896,AT,0,AT,M
2025,EN,FT,Data Analyst,27852,EUR,29317,AT,0,AT,M
2025,EN,FT,Data Analyst,27852,EUR,29317,AT,0,AT,M
2025,MI,FT,Software Engineer,128000,USD,128000,DE,0,DE,M
2025,MI,FT,Software Engineer,80000,USD,80000,DE,0,DE,M
2025,SE,FT,Data Specialist,62000,EUR,65263,DE,0,DE,M
2025,SE,FT,Data Specialist,58000,EUR,61052,DE,0,DE,M
2025,EN,FT,Data Analyst,41988,EUR,44197,AT,0,AT,M
2025,EN,FT,Data Analyst,41988,EUR,44197,AT,0,AT,M
2025,MI,PT,Developer,172000,USD,172000,DE,0,DE,M
2025,MI,PT,Developer,75600,USD,75600,DE,0,DE,M
2025,EN,FT,Stage,54600,CHF,62045,CH,0,CH,M
2025,EN,FT,Stage,54600,CHF,62045,CH,0,CH,M
2025,MI,FT,Software Engineer,128000,USD,128000,DE,0,DE,M
2025,MI,FT,Software Engineer,80000,USD,80000,DE,0,DE,M
2025,SE,FT,Developer,80000,EUR,84210,DE,0,DE,M
2025,SE,FT,Developer,48000,EUR,50526,DE,0,DE,M
2025,MI,FT,Data Analyst,84000,EUR,88421,DE,0,DE,L
2025,EN,FT,Business Analyst,48323,EUR,50866,AT,0,AT,M
2025,EN,FT,Business Analyst,48323,EUR,50866,AT,0,AT,M
2025,EN,FT,Data Specialist,22800,CHF,25909,CH,0,CH,M
2025,EN,FT,Data Specialist,19200,CHF,21818,CH,0,CH,M
2025,EN,FT,Data Analyst,36000,EUR,37894,AT,0,AT,M
2025,EN,FT,Data Analyst,31200,EUR,32842,AT,0,AT,M
2025,SE,FT,Python Developer,80000,EUR,84210,DE,0,DE,M
2025,SE,FT,Python Developer,48000,EUR,50526,DE,0,DE,M
2025,SE,FT,Full Stack Engineer,72000,EUR,75789,DE,0,DE,M
2025,SE,FT,Full Stack Engineer,48000,EUR,50526,DE,0,DE,M
2025,SE,FT,Data Analyst,92050,USD,92050,AT,100,AT,M
2025,SE,FT,Data Analyst,40900,USD,40900,AT,100,AT,M
2025,EN,FT,Business Analyst,48323,EUR,50866,AT,0,AT,M
2025,EN,FT,Business Analyst,48323,EUR,50866,AT,0,AT,M
2025,MI,FT,Analytics Specialist,29652,EUR,31212,AT,0,AT,M
2025,MI,FT,Analytics Specialist,29652,EUR,31212,AT,0,AT,M
2025,SE,FT,Data Engineer,84000,EUR,88421,DE,0,DE,M
2025,SE,FT,Data Engineer,84000,EUR,88421,DE,0,DE,M
2025,SE,FT,Data Analyst,92050,USD,92050,AT,100,AT,M
2025,SE,FT,Data Analyst,40900,USD,40900,AT,100,AT,M
2025,SE,FT,Data Analyst,92050,USD,92050,DE,100,DE,M
2025,SE,FT,Data Analyst,40900,USD,40900,DE,100,DE,M
2025,MI,FT,AI Engineer,80000,USD,80000,IN,0,DE,M
2025,MI,FT,Data Manager,45000,EUR,47368,AT,0,AT,M
2025,MI,FT,Data Manager,45000,EUR,47368,AT,0,AT,M
2025,EN,PT,Data Analyst,21600,EUR,22736,DE,0,DE,M
2025,EN,PT,Data Analyst,19620,EUR,20652,DE,0,DE,M
2025,SE,FT,Data Analyst,75000,EUR,78947,AT,0,AT,M
2025,SE,FT,Data Analyst,75000,EUR,78947,AT,0,AT,M
2025,SE,FT,Computer Vision Engineer,70000,EUR,73684,AT,0,AT,M
2025,SE,FT,Computer Vision Engineer,70000,EUR,73684,AT,0,AT,M
2025,SE,FT,Software Engineer,75000,EUR,78947,DE,0,DE,M
2025,SE,FT,Software Engineer,70000,EUR,73684,DE,0,DE,M
2025,SE,FT,Engineer,80000,EUR,84210,AT,100,AT,M
2025,SE,FT,Engineer,65000,EUR,68421,AT,100,AT,M
2025,SE,FT,Data Engineer,60000,EUR,63157,AT,0,AT,M
2025,SE,FT,Data Engineer,60000,EUR,63157,AT,0,AT,M
2025,MI,FT,Research Scientist,275000,USD,275000,DE,100,DE,M
2025,MI,FT,Research Scientist,200000,USD,200000,DE,100,DE,M
2025,SE,FT,Data Architect,45936,EUR,48353,AT,0,AT,M
2025,SE,FT,Data Architect,45936,EUR,48353,AT,0,AT,M
2025,MI,FT,Data Manager,43554,EUR,45846,AT,0,AT,M
2025,MI,FT,Data Manager,43554,EUR,45846,AT,0,AT,M
2025,MI,FT,Data Scientist,65000,EUR,68421,DE,0,DE,M
2025,MI,FT,Data Scientist,30000,EUR,31578,DE,0,DE,M
2025,SE,FT,Data Engineer,29652,EUR,31212,AT,0,AT,M
2025,SE,FT,Data Engineer,29652,EUR,31212,AT,0,AT,M
2025,EN,FT,Data Analyst,33777,EUR,35554,AT,0,AT,M
2025,EN,FT,Data Analyst,33777,EUR,35554,AT,0,AT,M
2025,EN,FT,Prompt Engineer,53802,EUR,56633,AT,0,AT,M
2025,EN,FT,Prompt Engineer,53802,EUR,56633,AT,0,AT,M
2025,MI,FT,Full Stack Developer,193000,USD,193000,DE,0,DE,M
2025,MI,FT,Full Stack Developer,84600,USD,84600,DE,0,DE,M
2025,EN,FT,Data Engineer,753480,EUR,793136,AT,0,AT,M
2025,EN,FT,Data Engineer,753480,EUR,793136,AT,0,AT,M
2025,SE,FT,Machine Learning Engineer,70000,EUR,73684,AT,0,AT,M
2025,SE,FT,Machine Learning Engineer,70000,EUR,73684,AT,0,AT,M
2025,SE,FT,Engineer,60940,EUR,64147,AT,100,AT,M
2025,SE,FT,Engineer,60940,EUR,64147,AT,100,AT,M
2025,MI,FT,Developer,193000,USD,193000,DE,0,DE,M
2025,MI,FT,Developer,84600,USD,84600,DE,0,DE,M
2025,MI,FT,Data Quality Specialist,43554,EUR,45846,AT,0,AT,M
2025,MI,FT,Data Quality Specialist,43554,EUR,45846,AT,0,AT,M
2025,EN,FT,Data Scientist,56448,EUR,59418,AT,0,AT,M
2025,EN,FT,Data Scientist,56448,EUR,59418,AT,0,AT,M
2025,MI,FT,Data Scientist,65000,EUR,68421,DE,0,DE,M
2025,MI,FT,Data Scientist,30000,EUR,31578,DE,0,DE,M
2025,EX,FT,Data Scientist,29352,EUR,30896,AT,0,AT,M
2025,EX,FT,Data Scientist,29352,EUR,30896,AT,0,AT,M
2025,MI,FT,Data Specialist,39948,EUR,42050,AT,0,AT,M
2025,MI,FT,Data Specialist,39948,EUR,42050,AT,0,AT,M
2025,MI,FT,Data Scientist,59000,EUR,62105,DE,0,DE,M
2025,MI,FT,Data Scientist,55000,EUR,57894,DE,0,DE,M
2025,EN,FT,Data Analyst,25200,EUR,26526,DE,0,DE,M
2025,EN,FT,Data Analyst,25200,EUR,26526,DE,0,DE,M
2025,MI,FT,Technology Integrator,137000,USD,137000,DE,0,DE,M
2025,MI,FT,Technology Integrator,60300,USD,60300,DE,0,DE,M
2025,MI,FT,Data Scientist,29352,EUR,30896,AT,0,AT,M
2025,MI,FT,Data Scientist,29352,EUR,30896,AT,0,AT,M
2025,SE,FT,Data Scientist,32292,EUR,33991,AT,0,AT,M
2025,SE,FT,Data Scientist,32292,EUR,33991,AT,0,AT,M
2025,EN,FT,Data Specialist,27636,EUR,29090,AT,0,AT,M
2025,EN,FT,Data Specialist,27636,EUR,29090,AT,0,AT,M
2025,SE,FT,Data Analyst,52000,EUR,54736,DE,0,DE,M
2025,SE,FT,Data Analyst,48000,EUR,50526,DE,0,DE,M
2025,SE,FT,Analytics Engineer,72000,EUR,75789,DE,0,DE,M
2025,SE,FT,Analytics Engineer,52752,EUR,55528,DE,0,DE,M
2025,SE,FT,Data Engineer,29652,EUR,31212,AT,0,AT,M
2025,SE,FT,Data Engineer,29652,EUR,31212,AT,0,AT,M
2025,MI,FT,Data Scientist,44500,EUR,46842,AT,0,AT,M
2025,MI,FT,Data Scientist,44500,EUR,46842,AT,0,AT,M
2025,SE,FT,Data Scientist,54876,EUR,57764,AT,0,AT,M
2025,SE,FT,Data Scientist,43728,EUR,46029,AT,0,AT,M
2025,EN,FT,Data Analyst,54876,EUR,57764,AT,0,AT,M
2025,EN,FT,Data Analyst,43728,EUR,46029,AT,0,AT,M
2025,MI,FT,Prompt Engineer,65000,EUR,68421,AT,0,AT,M
2025,MI,FT,Prompt Engineer,50000,EUR,52631,AT,0,AT,M
2025,SE,FT,Data Scientist,56448,EUR,59418,AT,0,AT,M
2025,SE,FT,Data Scientist,56448,EUR,59418,AT,0,AT,M
2025,SE,FT,AI Data Scientist,100000,EUR,105263,DE,50,DE,L
2025,MI,FT,Engineer,110000,USD,110000,DE,0,DE,M
2025,MI,FT,Engineer,95483,USD,95483,DE,0,DE,M
2025,SE,FT,Safety Data Management Specialist,95000,EUR,100000,DE,50,DE,L
2025,SE,FT,Data Analyst,72000,EUR,75789,DE,0,DE,M
2025,SE,FT,Data Analyst,52752,EUR,55528,DE,0,DE,M
2025,SE,FT,Data Architect,45936,EUR,48353,AT,0,AT,M
2025,SE,FT,Data Architect,45936,EUR,48353,AT,0,AT,M
2024,EX,FT,Data Scientist,26736,EUR,29706,AT,0,AT,M
2024,EX,FT,Data Scientist,26736,EUR,29706,AT,0,AT,M
2024,MI,PT,Data Engineer,46305,EUR,51450,AT,0,AT,M
2024,MI,PT,Data Engineer,46305,EUR,51450,AT,0,AT,M
2024,SE,FT,Data Scientist,31260,EUR,34733,AT,0,AT,M
2024,SE,FT,Data Scientist,31260,EUR,34733,AT,0,AT,M
2024,SE,FT,Data Scientist,70000,EUR,77777,AT,0,AT,M
2024,SE,FT,Data Scientist,70000,EUR,77777,AT,0,AT,M
2024,MI,FT,Manager,50000,EUR,55555,AT,0,AT,M
2024,MI,FT,Manager,50000,EUR,55555,AT,0,AT,M
2024,MI,FT,Data Scientist,172000,USD,172000,DE,0,DE,M
2024,MI,FT,Data Scientist,75600,USD,75600,DE,0,DE,M
2024,SE,FT,Platform Engineer,160000,CHF,181818,CH,0,CH,M
2024,SE,FT,Platform Engineer,110000,CHF,125000,CH,0,CH,M
2024,MI,FT,Consultant,51432,EUR,57146,AT,0,AT,M
2024,MI,FT,Consultant,38580,EUR,42866,AT,0,AT,M
2024,EN,PT,Data Analyst,58199,EUR,64665,AT,0,AT,M
2024,EN,PT,Data Analyst,58199,EUR,64665,AT,0,AT,M
2024,MI,FT,Data Specialist,49884,EUR,55426,AT,0,AT,M
2024,MI,FT,Data Specialist,49884,EUR,55426,AT,0,AT,M
2024,MI,FT,Manager,43176,EUR,47973,AT,0,AT,M
2024,MI,FT,Manager,43176,EUR,47973,AT,0,AT,M
2024,MI,FT,Technology Integrator,137000,USD,137000,DE,0,DE,M
2024,MI,FT,Technology Integrator,60300,USD,60300,DE,0,DE,M
2024,MI,FT,Consultant,91600,EUR,101777,DE,0,DE,M
2024,MI,FT,Consultant,75700,EUR,84111,DE,0,DE,M
2024,MI,FT,Analytics Specialist,44580,EUR,49533,AT,0,AT,M
2024,MI,FT,Analytics Specialist,44580,EUR,49533,AT,0,AT,M
2024,MI,FT,Associate,45200,EUR,50222,DE,0,DE,M
2024,MI,FT,Associate,45200,EUR,50222,DE,0,DE,M
2024,EN,FT,Data Management Analyst,172000,USD,172000,DE,0,DE,M
2024,EN,FT,Data Management Analyst,75600,USD,75600,DE,0,DE,M
2024,MI,FT,Data Engineer,88600,EUR,98444,DE,0,DE,M
2024,MI,FT,Data Engineer,49000,EUR,54444,DE,0,DE,M
2024,MI,FT,Data Scientist,41460,EUR,46066,AT,0,AT,M
2024,MI,FT,Data Scientist,41460,EUR,46066,AT,0,AT,M
2024,SE,FT,Engineer,35472,EUR,39413,AT,0,AT,M
2024,SE,FT,Engineer,35472,EUR,39413,AT,0,AT,M
2024,SE,FT,AI Engineer,105900,EUR,117666,DE,0,DE,M
2024,SE,FT,AI Engineer,87200,EUR,96888,DE,0,DE,M
2024,SE,FT,Machine Learning Researcher,70000,EUR,77777,AT,0,AT,M
2024,SE,FT,Machine Learning Researcher,70000,EUR,77777,AT,0,AT,M
2024,MI,FT,Business Development Manager,70000,CHF,79545,CH,0,CH,L
2024,MI,FT,Research Engineer,80000,EUR,88888,AT,0,AT,M
2024,MI,FT,Research Engineer,80000,EUR,88888,AT,0,AT,M
2024,MI,FT,Engineer,66800,EUR,74222,AT,0,AT,M
2024,MI,FT,Engineer,66800,EUR,74222,AT,0,AT,M
2024,SE,FT,Data Architect,64000,EUR,71111,AT,0,AT,M
2024,SE,FT,Data Architect,64000,EUR,71111,AT,0,AT,M
2024,MI,FT,Data Scientist,80000,EUR,88888,DE,0,DE,M
2024,MI,FT,Data Scientist,55000,EUR,61111,DE,0,DE,M
2024,EN,FT,Data Analyst,90000,EUR,100000,DE,0,DE,M
2024,EN,FT,Data Analyst,65000,EUR,72222,DE,0,DE,M
2024,SE,FT,Machine Learning Engineer,120000,EUR,133333,CH,0,CH,M
2024,SE,FT,Machine Learning Engineer,120000,EUR,133333,CH,0,CH,M
2024,EN,PT,Data Engineer,36000,EUR,40000,DE,0,DE,M
2024,EN,PT,Data Engineer,32000,EUR,35555,DE,0,DE,M
2024,SE,FT,Engineer,115000,EUR,127777,DE,0,DE,M
2024,SE,FT,Engineer,77000,EUR,85555,DE,0,DE,M
2024,MI,FT,Data Engineer,60000,EUR,66666,AT,0,AT,M
2024,MI,FT,Data Engineer,60000,EUR,66666,AT,0,AT,M
2024,MI,FT,Data Engineer,45000,EUR,50000,AT,0,AT,M
2024,MI,FT,Data Engineer,45000,EUR,50000,AT,0,AT,M
2024,MI,FT,Data Scientist,220000,USD,220000,DE,0,DE,M
2024,MI,FT,Data Scientist,96600,USD,96600,DE,0,DE,M
2024,MI,FT,Research Engineer,80000,EUR,88888,AT,0,AT,M
2024,MI,FT,Research Engineer,80000,EUR,88888,AT,0,AT,M
2024,MI,FT,Data Scientist,105900,EUR,117666,DE,0,DE,M
2024,MI,FT,Data Scientist,87200,EUR,96888,DE,0,DE,M
2024,SE,FT,Site Reliability Engineer,150000,CHF,170454,CH,0,CH,M
2024,SE,FT,Site Reliability Engineer,140000,CHF,159090,CH,0,CH,M
2024,MI,FT,Consultant,51432,EUR,57146,AT,0,AT,M
2024,MI,FT,Consultant,38580,EUR,42866,AT,0,AT,M
2024,EN,FT,Cloud Engineer,51432,EUR,57146,AT,0,AT,M
2024,EN,FT,Cloud Engineer,38580,EUR,42866,AT,0,AT,M
2024,MI,FT,Data Engineer,26748,EUR,29720,AT,0,AT,M
2024,MI,FT,Data Engineer,26748,EUR,29720,AT,0,AT,M
2024,SE,FT,Software Engineer,110000,EUR,122222,DE,0,DE,M
2024,SE,FT,Software Engineer,100000,EUR,111111,DE,0,DE,M
2024,SE,FT,Data Engineer,105900,EUR,117666,DE,0,DE,M
2024,SE,FT,Data Engineer,87200,EUR,96888,DE,0,DE,M
2024,MI,FT,Data Engineer,172000,USD,172000,DE,0,DE,M
2024,MI,FT,Data Engineer,75600,USD,75600,DE,0,DE,M
2024,MI,FT,Machine Learning Engineer,80000,EUR,88888,AT,0,AT,M
2024,MI,FT,Machine Learning Engineer,80000,EUR,88888,AT,0,AT,M
2024,MI,PT,Data Manager,55000,EUR,61111,AT,0,AT,M
2024,MI,PT,Data Manager,55000,EUR,61111,AT,0,AT,M
2024,EN,FT,AI Engineer,51432,EUR,57146,AT,0,AT,M
2024,EN,FT,AI Engineer,38580,EUR,42866,AT,0,AT,M
2024,EN,FT,AI Engineer,91600,EUR,101777,DE,0,DE,M
2024,EN,FT,AI Engineer,75700,EUR,84111,DE,0,DE,M
2024,SE,FT,AI Engineer,105900,EUR,117666,DE,0,DE,M
2024,SE,FT,AI Engineer,87200,EUR,96888,DE,0,DE,M
2024,SE,FT,AI Engineer,105900,EUR,117666,DE,0,DE,M
2024,SE,FT,AI Engineer,87200,EUR,96888,DE,0,DE,M
2024,SE,FT,Data Scientist,90000,EUR,100000,AT,0,AT,M
2024,MI,FT,Systems Engineer,138000,USD,138000,DE,0,DE,M
2024,MI,FT,Systems Engineer,86000,USD,86000,DE,0,DE,M
2024,EN,FT,Data Analyst,57700,EUR,64111,AT,0,AT,M
2024,EN,FT,Data Analyst,57700,EUR,64111,AT,0,AT,M
2024,MI,FT,Robotics Engineer,88117,USD,88117,DE,0,DE,M
2024,MI,FT,Robotics Engineer,70492,USD,70492,DE,0,DE,M
2024,SE,FT,Machine Learning Engineer,120000,EUR,133333,CH,0,CH,M
2024,SE,FT,Machine Learning Engineer,120000,EUR,133333,CH,0,CH,M
2024,SE,FT,Engineer,50000,EUR,55555,DE,0,DE,M
2024,SE,FT,Engineer,46000,EUR,51111,DE,0,DE,M
2024,SE,FT,Manager,70000,EUR,77777,AT,0,AT,M
2024,SE,FT,Manager,70000,EUR,77777,AT,0,AT,M
2024,SE,FT,Data Architect,149500,USD,149500,DE,0,DE,M
2024,SE,FT,Data Architect,110500,USD,110500,DE,0,DE,M
2024,SE,FT,Data Engineer,57000,EUR,63333,AT,0,AT,M
2024,SE,FT,Data Engineer,57000,EUR,63333,AT,0,AT,M
2024,EN,FT,Data Scientist,51432,EUR,57146,AT,0,AT,M
2024,EN,FT,Data Scientist,38580,EUR,42866,AT,0,AT,M
2024,MI,FT,Data Scientist,100000,CHF,113636,CH,50,CH,L
2024,MI,FT,Data Scientist,79040,EUR,87822,AT,0,AT,M
2024,MI,FT,Data Scientist,79040,EUR,87822,AT,0,AT,M
2024,EN,FT,Data Analyst,42000,EUR,46666,AT,0,AT,M
2024,EN,FT,Data Analyst,42000,EUR,46666,AT,0,AT,M
2024,MI,FT,Software Engineer,190000,USD,190000,AT,100,AT,M
2024,MI,FT,Software Engineer,170000,USD,170000,AT,100,AT,M
2024,EN,FT,DevOps Engineer,51432,EUR,57146,AT,0,AT,M
2024,EN,FT,DevOps Engineer,38580,EUR,42866,AT,0,AT,M
2024,EN,FT,Engineer,51432,EUR,57146,AT,0,AT,M
2024,EN,FT,Engineer,38580,EUR,42866,AT,0,AT,M
2024,SE,FT,Data Engineer,56000,EUR,62222,AT,0,AT,M
2024,SE,FT,Data Engineer,56000,EUR,62222,AT,0,AT,M
2024,EN,FT,AI Engineer,51432,EUR,57146,AT,0,AT,M
2024,EN,FT,AI Engineer,38580,EUR,42866,AT,0,AT,M
2024,EN,FT,Stage,29400,CHF,33409,CH,0,CH,M
2024,EN,FT,Stage,29400,CHF,33409,CH,0,CH,M
2024,EN,FT,Stage,29400,CHF,33409,CH,0,CH,M
2024,EN,FT,Stage,29400,CHF,33409,CH,0,CH,M
2024,SE,FT,AI Engineer,91600,EUR,101777,DE,0,DE,M
2024,SE,FT,AI Engineer,75700,EUR,84111,DE,0,DE,M
2024,SE,FT,Product Manager,60000,EUR,66666,AT,0,AT,M
2024,SE,FT,Product Manager,60000,EUR,66666,AT,0,AT,M
2024,MI,FT,Robotics Engineer,88117,USD,88117,DE,0,DE,M
2024,MI,FT,Robotics Engineer,70492,USD,70492,DE,0,DE,M
2024,SE,FT,DevOps Engineer,165000,CHF,187500,CH,0,CH,M
2024,SE,FT,DevOps Engineer,100000,CHF,113636,CH,0,CH,M
2024,SE,FT,Engineer,165000,CHF,187500,CH,0,CH,M
2024,SE,FT,Engineer,100000,CHF,113636,CH,0,CH,M
2024,MI,FT,Analyst,137000,USD,137000,AT,0,AT,M
2024,MI,FT,Analyst,60400,USD,60400,AT,0,AT,M
2024,MI,FT,Data Engineer,137000,USD,137000,DE,0,DE,M
2024,MI,FT,Data Engineer,60300,USD,60300,DE,0,DE,M
2024,SE,FT,Data Engineer,172000,USD,172000,DE,0,DE,M
2024,SE,FT,Data Engineer,75600,USD,75600,DE,0,DE,M
2024,SE,FT,Data Engineer,220000,USD,220000,DE,0,DE,M
2024,SE,FT,Data Engineer,96600,USD,96600,DE,0,DE,M
2024,MI,FT,Data Engineer,172000,USD,172000,DE,0,DE,M
2024,MI,FT,Data Engineer,75600,USD,75600,DE,0,DE,M
2024,EN,FT,Data Scientist,51432,EUR,57146,AT,0,AT,M
2024,EN,FT,Data Scientist,38580,EUR,42866,AT,0,AT,M
2024,EN,FT,Machine Learning Engineer,80000,EUR,88888,LU,50,DE,L
2024,SE,FT,Data Analyst,56000,EUR,62222,AT,0,AT,M
2024,SE,FT,Data Analyst,56000,EUR,62222,AT,0,AT,M
2024,MI,FT,Data Scientist,80000,USD,80000,DE,0,DE,M
2024,MI,FT,Data Scientist,76980,USD,76980,DE,0,DE,M
2024,MI,FT,Associate,80000,USD,80000,DE,0,DE,M
2024,MI,FT,Associate,76980,USD,76980,DE,0,DE,M
2024,SE,FT,Machine Learning Engineer,56000,EUR,62222,AT,0,AT,M
2024,SE,FT,Machine Learning Engineer,56000,EUR,62222,AT,0,AT,M
2024,MI,FT,Computer Vision Engineer,79600,EUR,88444,DE,0,DE,M
2024,MI,FT,Computer Vision Engineer,55500,EUR,61666,DE,0,DE,M
2024,SE,FT,Data Specialist,196500,USD,196500,DE,0,DE,M
2024,SE,FT,Data Specialist,97300,USD,97300,DE,0,DE,M
2024,SE,FT,Machine Learning Engineer,149000,EUR,165555,DE,100,DE,M
2024,SE,FT,Machine Learning Engineer,102000,EUR,113333,DE,100,DE,M
2024,SE,FT,Software Engineer,150000,CHF,170454,CH,0,CH,M
2024,SE,FT,Software Engineer,140000,CHF,159090,CH,0,CH,M
2024,SE,FT,Software Engineer,150000,CHF,170454,CH,0,CH,M
2024,SE,FT,Software Engineer,140000,CHF,159090,CH,0,CH,M
2024,SE,FT,Software Engineer,140000,EUR,155555,DE,100,DE,M
2024,SE,FT,Software Engineer,70000,EUR,77777,DE,100,DE,M
2024,EN,FT,AI Engineer,51432,EUR,57146,AT,0,AT,M
2024,EN,FT,AI Engineer,38580,EUR,42866,AT,0,AT,M
2024,EN,FT,DevOps Engineer,51432,EUR,57146,AT,0,AT,M
2024,EN,FT,DevOps Engineer,38580,EUR,42866,AT,0,AT,M
2024,EN,FT,Engineer,51432,EUR,57146,AT,0,AT,M
2024,EN,FT,Engineer,38580,EUR,42866,AT,0,AT,M
2024,SE,FT,Data Engineer,220000,USD,220000,DE,0,DE,M
2024,SE,FT,Data Engineer,96600,USD,96600,DE,0,DE,M
2024,SE,FT,Software Engineer,56000,EUR,62222,AT,0,AT,M
2024,SE,FT,Software Engineer,56000,EUR,62222,AT,0,AT,M
2024,SE,FT,Machine Learning Engineer,188000,EUR,208888,DE,100,DE,M
2024,SE,FT,Machine Learning Engineer,129000,EUR,143333,DE,100,DE,M
2024,EN,FT,DevOps Engineer,81936,CHF,93109,CH,0,CH,M
2024,EN,FT,DevOps Engineer,74544,CHF,84709,CH,0,CH,M
2024,EN,FT,Software Engineer,81936,CHF,93109,CH,0,CH,M
2024,EN,FT,Software Engineer,74544,CHF,84709,CH,0,CH,M
2024,MI,FT,Data Engineer,137000,USD,137000,DE,0,DE,M
2024,MI,FT,Data Engineer,60300,USD,60300,DE,0,DE,M
2024,EN,FT,Data Engineer,50000,EUR,55555,DE,0,DE,M
2024,EN,FT,Data Engineer,46000,EUR,51111,DE,0,DE,M
2024,MI,FT,Data Scientist,220000,USD,220000,DE,0,DE,M
2024,MI,FT,Data Scientist,96600,USD,96600,DE,0,DE,M
2024,SE,FT,Python Developer,80000,EUR,88888,DE,0,DE,M
2024,SE,FT,Python Developer,48000,EUR,53333,DE,0,DE,M
2024,SE,FT,Full Stack Engineer,72000,EUR,80000,DE,0,DE,M
2024,SE,FT,Full Stack Engineer,48000,EUR,53333,DE,0,DE,M
2024,SE,FT,Site Reliability Engineer,160000,CHF,181818,CH,0,CH,M
2024,SE,FT,Site Reliability Engineer,120000,CHF,136363,CH,0,CH,M
2024,MI,FT,Data Engineer,85000,EUR,94444,AT,0,AT,M
2024,MI,FT,Data Engineer,85000,EUR,94444,AT,0,AT,M
2024,EN,FT,Data Analyst,65000,EUR,72222,DE,100,DE,M
2024,EN,FT,Data Analyst,55000,EUR,61111,DE,100,DE,M
2024,SE,FT,Engineer,80000,EUR,88888,AT,100,AT,M
2024,SE,FT,Engineer,65000,EUR,72222,AT,100,AT,M
2024,SE,FT,Software Engineer,80000,EUR,88888,DE,0,DE,M
2024,SE,FT,Software Engineer,70000,EUR,77777,DE,0,DE,M
2024,SE,FT,Product Manager,109757,EUR,121952,DE,100,DE,M
2024,SE,FT,Product Manager,91464,EUR,101626,DE,100,DE,M
2024,EN,FT,Data Analyst,93000,USD,93000,DE,0,DE,M
2024,EN,FT,Data Analyst,83000,USD,83000,DE,0,DE,M
2024,SE,FT,Machine Learning Engineer,164000,EUR,182222,DE,0,DE,M
2024,SE,FT,Machine Learning Engineer,124000,EUR,137777,DE,0,DE,M
2024,SE,FT,Software Engineer,260000,USD,260000,DE,0,DE,M
2024,SE,FT,Software Engineer,216000,USD,216000,DE,0,DE,M
2024,SE,FT,Data Engineer,350000,USD,350000,DE,0,DE,M
2024,SE,FT,Data Engineer,287000,USD,287000,DE,0,DE,M
2024,SE,FT,AI Research Scientist,120000,EUR,133333,DE,100,DE,M
2024,MI,FT,Data Scientist,172000,USD,172000,DE,0,DE,M
2024,MI,FT,Data Scientist,75600,USD,75600,DE,0,DE,M
2024,EN,FT,Data Analyst,93000,USD,93000,DE,0,DE,M
2024,EN,FT,Data Analyst,83000,USD,83000,DE,0,DE,M
2024,SE,FT,Software Engineer,193000,USD,193000,DE,0,DE,M
2024,SE,FT,Software Engineer,84600,USD,84600,DE,0,DE,M
2024,MI,FT,Data Scientist,172000,USD,172000,DE,0,DE,M
2024,MI,FT,Data Scientist,75600,USD,75600,DE,0,DE,M
2024,SE,FT,Machine Learning Engineer,260000,USD,260000,DE,0,DE,M
2024,SE,FT,Machine Learning Engineer,216000,USD,216000,DE,0,DE,M
2024,MI,FT,Data Scientist,220000,USD,220000,DE,0,DE,M
2024,MI,FT,Data Scientist,96600,USD,96600,DE,0,DE,M
2024,SE,FT,AI Engineer,180000,EUR,200000,DE,100,DE,M
2024,SE,FT,AI Engineer,70000,EUR,77777,DE,100,DE,M
2024,SE,FT,AI Research Scientist,60000,EUR,66666,DE,50,DE,L
2024,MI,FT,Data Scientist,172000,USD,172000,DE,0,DE,M
2024,MI,FT,Data Scientist,75600,USD,75600,DE,0,DE,M
2024,SE,FT,Research Scientist,90000,EUR,100000,DE,0,DE,S
2024,SE,FT,Research Scientist,70000,EUR,77777,DE,0,DE,S
2024,SE,FT,Research Scientist,350000,USD,350000,DE,0,DE,M
2024,SE,FT,Research Scientist,287000,USD,287000,DE,0,DE,M
2024,SE,FT,Data Engineer,350000,USD,350000,DE,0,DE,M
2024,SE,FT,Data Engineer,287000,USD,287000,DE,0,DE,M
2024,SE,FT,Data Scientist,70000,EUR,77777,DE,0,DE,M
2024,SE,FT,Data Scientist,40000,EUR,44444,DE,0,DE,M
2024,SE,FT,Data Engineer,52000,EUR,57777,AT,0,AT,M
2024,SE,FT,Data Engineer,43000,EUR,47777,AT,0,AT,M
2024,SE,FT,Data Engineer,215000,USD,215000,DE,0,DE,M
2024,SE,FT,Data Engineer,193000,USD,193000,DE,0,DE,M
2024,MI,FT,Data Scientist,95000,GBP,118750,DE,0,DE,M
2024,MI,FT,Data Scientist,75000,GBP,93750,DE,0,DE,M
2024,SE,FT,Lead Data Scientist,95000,EUR,105555,DE,100,DE,L
2024,SE,FT,Applied Research Scientist,60000,EUR,66666,DE,0,DE,S
2024,MI,FT,Data Engineer,120000,CHF,136363,CH,50,CH,L
2024,SE,FT,Data Scientist,284500,CHF,323295,CH,50,CH,L
2024,SE,FT,BI Data Analyst,60000,EUR,66666,DE,50,DE,S
2024,MI,FT,Data Engineer,70000,EUR,77777,AT,0,AT,M
2024,MI,FT,Data Engineer,53000,EUR,58888,AT,0,AT,M
2024,SE,FT,Data Analyst,86026,EUR,95584,DE,100,DE,M
2024,SE,FT,Data Analyst,71688,EUR,79653,DE,100,DE,M
2024,EN,CT,AI Research Scientist,80000,EUR,88888,DE,0,DE,L
2024,MI,FT,Data Scientist,114000,CHF,129545,CH,50,CH,L
2023,MI,FT,Prompt Engineer,56000,EUR,60462,DE,0,DE,S
2024,MI,FT,Data Engineer,65000,EUR,72222,AT,0,AT,M
2024,MI,FT,Data Engineer,43000,EUR,47777,AT,0,AT,M
2024,SE,FT,Data Manager,149000,USD,149000,DE,0,DE,M
2024,SE,FT,Data Manager,65300,USD,65300,DE,0,DE,M
2024,EN,FT,Data Scientist,70000,EUR,77777,DE,0,DE,M
2024,EN,FT,Data Scientist,65000,EUR,72222,DE,0,DE,M
2024,MI,FT,Machine Learning Engineer,84000,EUR,93333,DE,100,DE,M
2024,EN,FT,Data Scientist,55000,EUR,61111,DE,50,DE,M
2024,MI,FT,Data Engineer,117000,EUR,130000,DE,0,DE,L
2024,MI,FT,Data Engineer,60000,EUR,66666,DE,0,DE,L
2023,EN,FT,Admin & Data Analyst,50000,USD,50000,DE,0,DE,M
2024,MI,FT,Machine Learning Engineer,150000,EUR,166666,DE,0,DE,M
2024,MI,FT,Machine Learning Engineer,120000,EUR,133333,DE,0,DE,M
2024,MI,FT,Data Operations Associate,60000,EUR,66666,DE,0,DE,M
2024,MI,FT,Data Operations Associate,50000,EUR,55555,DE,0,DE,M
2024,SE,FT,Machine Learning Engineer,212000,USD,212000,DE,0,DE,M
2024,SE,FT,Machine Learning Engineer,93300,USD,93300,DE,0,DE,M
2024,EN,PT,Data Scientist,15000,EUR,16666,DE,50,DE,M
2023,MI,FT,Data Scientist,56000,EUR,60462,DE,100,DE,L
2023,SE,FT,Machine Learning Engineer,275000,USD,275000,DE,0,DE,M
2023,SE,FT,Machine Learning Engineer,121200,USD,121200,DE,0,DE,M
2023,MI,FT,Data DevOps Engineer,88000,EUR,95012,DE,50,DE,L
2023,MI,FT,Data Analyst,39000,EUR,42107,DE,50,DE,M
2023,EN,FT,AI Engineer,35000,USD,35000,HR,100,DE,M
2023,EN,FT,AI Research Engineer,2000000,INR,24322,IN,100,CH,L
2023,SE,FT,AI Scientist,60000,EUR,64781,DE,50,DE,L
2023,SE,FT,Data Engineer,100000,EUR,107968,DE,100,DE,M
2023,SE,FT,Data Engineer,83913,EUR,90599,DE,100,DE,M
2023,SE,FT,Applied Data Scientist,60000,EUR,64781,DE,0,DE,L
2023,SE,FT,Data Engineer,72000,EUR,77737,DE,50,DE,L
2023,SE,FT,Machine Learning Engineer,105000,EUR,113366,DE,50,DE,L
2023,SE,FT,Machine Learning Engineer,189000,EUR,204060,DE,100,DE,M
2023,SE,FT,Machine Learning Engineer,130000,EUR,140358,DE,100,DE,M
2023,EN,FT,Data Scientist,95000,CHF,104024,CH,50,CH,S
2020,EN,FT,Data Analyst,42000,EUR,47899,DE,0,DE,L
2023,MI,FT,Data Analyst,55000,EUR,59382,DE,50,DE,L
2023,EN,FT,Applied Machine Learning Scientist,4000000,INR,48644,IN,100,DE,L
2023,SE,FT,Data Engineer,204500,USD,204500,DE,0,DE,M
2023,SE,FT,Data Engineer,142200,USD,142200,DE,0,DE,M
2023,MI,FT,AI Scientist,120000,USD,120000,DE,100,DE,M
2023,SE,FT,Research Engineer,275000,USD,275000,DE,0,DE,M
2023,SE,FT,Research Engineer,174000,USD,174000,DE,0,DE,M
2023,MI,FT,Applied Machine Learning Engineer,65000,EUR,70179,IN,100,DE,S
2022,EN,FT,Machine Learning Engineer,54000,CHF,56536,CH,100,CH,S
2023,EN,FT,Applied Machine Learning Scientist,40000,EUR,43187,DE,50,DE,M
2023,EN,FT,Data Scientist,112000,CHF,122638,CH,50,CH,L
2022,MI,FT,Data Scientist,70000,EUR,73546,DE,100,DE,M
2023,MI,FT,Data Scientist,56000,EUR,60462,AT,100,DE,M
2023,SE,FT,Deep Learning Researcher,115000,EUR,124163,DE,0,DE,L
2023,EN,FT,AI Developer,200000,EUR,215936,DE,100,DE,L
2023,SE,FT,BI Data Analyst,67000,EUR,72338,DE,100,DE,M
2023,EN,FT,AI Developer,60000,EUR,64781,DE,0,DE,M
2023,SE,FT,Research Engineer,100000,EUR,107968,DE,100,DE,S
2023,SE,FT,Research Engineer,80000,EUR,86374,DE,100,DE,S
2023,SE,FT,Machine Learning Engineer,275000,USD,275000,DE,0,DE,M
2023,SE,FT,Machine Learning Engineer,174000,USD,174000,DE,0,DE,M
2023,EN,FT,Data Engineer,25000,EUR,26992,DE,100,DE,L
2022,EN,FT,BI Data Analyst,58000,EUR,60938,DE,0,DE,L
2022,MI,FT,Data Scientist,61000,EUR,64090,DE,0,DE,M
2022,MI,FT,Data Scientist,58000,EUR,60938,DE,0,DE,M
2022,EN,FT,Machine Learning Research Engineer,63000,EUR,66192,DE,50,DE,L
2022,MI,FT,Machine Learning Engineer,100000,CHF,104697,CH,100,CH,L
2022,EN,FT,Machine Learning Developer,33000,USD,33000,IT,100,DE,S
2022,EN,FT,Machine Learning Scientist,33000,EUR,34672,IT,100,DE,S
2022,MI,FT,Data Scientist Lead,85000,EUR,89306,AT,50,AT,L
2022,MI,FT,Data Scientist,72000,EUR,75648,DE,100,DE,S
2022,MI,FT,Research Scientist,120000,EUR,126080,DE,0,DE,S
2022,MI,FT,Research Scientist,80000,EUR,84053,DE,0,DE,S
2022,EN,FT,Data Scientist,50000,USD,50000,US,50,DE,M
2022,MI,FT,BI Data Analyst,48000,EUR,50432,DE,100,DE,S
2022,EN,FT,Applied Data Scientist,50000,USD,50000,AT,50,AT,M
2022,MI,FT,Data Scientist,58000,EUR,60938,DE,100,DE,S
2022,MI,FT,Data Engineer,62500,EUR,65666,DE,50,DE,S
2020,EN,FT,Data Scientist,43200,EUR,49268,DE,0,DE,S
2022,MI,FT,Machine Learning Engineer,80000,EUR,84053,FR,100,DE,M
2022,MI,PT,Data Engineer,50000,EUR,52533,DE,50,DE,L
2020,EN,FT,Data Engineer,48000,EUR,54742,PK,100,DE,L
2022,EN,FT,Data Engineer,52800,EUR,55475,PK,100,DE,M
2022,MI,FT,Research Scientist,59000,EUR,61989,AT,0,AT,L
2022,MI,FT,Data Scientist,115000,CHF,120402,CH,0,CH,L
2022,SE,FT,Principal Data Scientist,148000,EUR,155499,DE,100,DE,M
2022,SE,FT,Lead Machine Learning Engineer,80000,EUR,84053,DE,0,DE,M
2020,MI,FT,Data Engineer,51999,EUR,59303,DE,100,DE,S
2021,EX,FT,Data Scientist,110000,EUR,130026,DE,50,DE,M
2021,EN,FT,Data Scientist,54000,EUR,63831,DE,50,DE,L
2020,MI,FT,Data Engineer,65000,EUR,74130,AT,50,AT,L
2021,SE,FT,Data Analytics Engineer,67000,EUR,79197,DE,100,DE,L
2021,EN,FT,Data Scientist,65000,EUR,76833,DE,100,DE,S
2021,SE,FT,Machine Learning Engineer,80000,EUR,94564,DE,50,DE,L
2020,EN,PT,Machine Learning Engineer,14000,EUR,15966,DE,100,DE,S
2020,MI,FT,Data Scientist,70000,EUR,79833,DE,0,DE,L
2021,EN,FT,Machine Learning Engineer,85000,USD,85000,NL,100,DE,S
2021,EN,FT,Data Scientist,65000,EUR,76833,DE,0,DE,L
2021,EN,FT,Data Engineer,55000,EUR,65013,DE,50,DE,M
2021,MI,FT,Data Scientist,21600,EUR,25532,RS,100,DE,S
2021,SE,FT,Data Analyst,54000,EUR,63831,DE,50,DE,L
2021,EX,FT,Data Scientist,120000,EUR,141846,DE,0,DE,L
2021,EN,FT,Machine Learning Engineer,21000,EUR,24823,DE,50,DE,M
2021,MI,FT,Data Scientist,76760,EUR,90734,DE,50,DE,L
2021,MI,FT,Data Scientist,52000,EUR,61467,DE,50,AT,M
2021,MI,FT,Data Scientist,75000,EUR,88654,DE,50,DE,L
2020,EN,FT,Data Scientist,55000,EUR,62726,DE,50,DE,S
2021,MI,FT,Data Scientist,76760,EUR,90734,DE,50,DE,L
2021,SE,FT,Principal Data Scientist,147000,EUR,173762,DE,100,DE,M
2020,SE,FT,Principal Data Scientist,130000,EUR,148261,DE,100,DE,M
2020,SE,FT,Data Scientist,80000,EUR,91237,AT,0,AT,S
